{
  "$schema": "http://json.schemastore.org/template",
  "author": "Señor Developer",
  "classifications": [ "Common", "Web", "Library" ], 
  "name": "Microservice domain driven design template using mediatr",
  "identity": "MyProject.MicroService.CSharp",         
  "groupIdentity":"MyProject.MicroService",
  "shortName": "micro",
  "tags": {
    "language": "C#",
    "type":"project"
  },
  "sourceName": "MyProject",
  "preferNameDirectory": true,
  "symbols":{
    "includetest": {
        "type": "parameter",
        "datatype": "bool",
        "defaultValue": "true"
    }
  },
  "sources":[{
    "modifiers": [{
      "condition": "(!includetest)",
      "exclude": [ "MyProject.UnitTests/**/*"]
      }
    ]
  }],
   "postActions": [
    {
      "condition": "(!skipRestore)",
      "description": "Restore NuGet packages required by this project.",
      "manualInstructions": [
        { "text": "Run 'dotnet restore'" }
      ],
      "actionId": "210D431B-A78B-4D2F-B762-4ED3E3EA9025",
      "continueOnError": true
    }]
}